sample_number,filename
0365,/home/jkimball/data_delivery/umgc/2021-q4/211108_A00223_0697_BHNY3NDSX2/Kimball_Project_008/IC12-7_S365_R1_001.fastq.gz
0365,/home/jkimball/data_delivery/umgc/2021-q4/211108_A00223_0697_BHNY3NDSX2/Kimball_Project_008/IC12-7_S365_R2_001.fastq.gz
0366,/home/jkimball/data_delivery/umgc/2021-q4/211108_A00223_0697_BHNY3NDSX2/Kimball_Project_008/IC12-17_S366_R1_001.fastq.gz
0366,/home/jkimball/data_delivery/umgc/2021-q4/211108_A00223_0697_BHNY3NDSX2/Kimball_Project_008/IC12-17_S366_R2_001.fastq.gz
0377,/home/jkimball/data_delivery/umgc/2021-q4/211108_A00223_0697_BHNY3NDSX2/Kimball_Project_008/IC12-8_S377_R1_001.fastq.gz
0377,/home/jkimball/data_delivery/umgc/2021-q4/211108_A00223_0697_BHNY3NDSX2/Kimball_Project_008/IC12-8_S377_R2_001.fastq.gz
0378,/home/jkimball/data_delivery/umgc/2021-q4/211108_A00223_0697_BHNY3NDSX2/Kimball_Project_008/IC12-18_S378_R1_001.fastq.gz
0378,/home/jkimball/data_delivery/umgc/2021-q4/211108_A00223_0697_BHNY3NDSX2/Kimball_Project_008/IC12-18_S378_R2_001.fastq.gz
0389,/home/jkimball/data_delivery/umgc/2021-q4/211108_A00223_0697_BHNY3NDSX2/Kimball_Project_008/IC12-9_S389_R1_001.fastq.gz
0389,/home/jkimball/data_delivery/umgc/2021-q4/211108_A00223_0697_BHNY3NDSX2/Kimball_Project_008/IC12-9_S389_R2_001.fastq.gz
0399,/home/jkimball/data_delivery/umgc/2021-q4/211108_A00223_0697_BHNY3NDSX2/Kimball_Project_008/IC12-2_S399_R1_001.fastq.gz
0399,/home/jkimball/data_delivery/umgc/2021-q4/211108_A00223_0697_BHNY3NDSX2/Kimball_Project_008/IC12-2_S399_R2_001.fastq.gz
0400,/home/jkimball/data_delivery/umgc/2021-q4/211108_A00223_0697_BHNY3NDSX2/Kimball_Project_008/IC12-12_S400_R1_001.fastq.gz
0400,/home/jkimball/data_delivery/umgc/2021-q4/211108_A00223_0697_BHNY3NDSX2/Kimball_Project_008/IC12-12_S400_R2_001.fastq.gz
0410,/home/jkimball/data_delivery/umgc/2021-q4/211108_A00223_0697_BHNY3NDSX2/Kimball_Project_008/IC12-3_S410_R1_001.fastq.gz
0410,/home/jkimball/data_delivery/umgc/2021-q4/211108_A00223_0697_BHNY3NDSX2/Kimball_Project_008/IC12-3_S410_R2_001.fastq.gz
0411,/home/jkimball/data_delivery/umgc/2021-q4/211108_A00223_0697_BHNY3NDSX2/Kimball_Project_008/IC12-13_S411_R1_001.fastq.gz
0411,/home/jkimball/data_delivery/umgc/2021-q4/211108_A00223_0697_BHNY3NDSX2/Kimball_Project_008/IC12-13_S411_R2_001.fastq.gz
0412,/home/jkimball/data_delivery/umgc/2021-q4/211108_A00223_0697_BHNY3NDSX2/Kimball_Project_008/IC12-19_S412_R1_001.fastq.gz
0412,/home/jkimball/data_delivery/umgc/2021-q4/211108_A00223_0697_BHNY3NDSX2/Kimball_Project_008/IC12-19_S412_R2_001.fastq.gz
0422,/home/jkimball/data_delivery/umgc/2021-q4/211108_A00223_0697_BHNY3NDSX2/Kimball_Project_008/IC12-4_S422_R1_001.fastq.gz
0422,/home/jkimball/data_delivery/umgc/2021-q4/211108_A00223_0697_BHNY3NDSX2/Kimball_Project_008/IC12-4_S422_R2_001.fastq.gz
0423,/home/jkimball/data_delivery/umgc/2021-q4/211108_A00223_0697_BHNY3NDSX2/Kimball_Project_008/IC12-14_S423_R1_001.fastq.gz
0423,/home/jkimball/data_delivery/umgc/2021-q4/211108_A00223_0697_BHNY3NDSX2/Kimball_Project_008/IC12-14_S423_R2_001.fastq.gz
0424,/home/jkimball/data_delivery/umgc/2021-q4/211108_A00223_0697_BHNY3NDSX2/Kimball_Project_008/IC12-20_S424_R1_001.fastq.gz
0424,/home/jkimball/data_delivery/umgc/2021-q4/211108_A00223_0697_BHNY3NDSX2/Kimball_Project_008/IC12-20_S424_R2_001.fastq.gz
0434,/home/jkimball/data_delivery/umgc/2021-q4/211108_A00223_0697_BHNY3NDSX2/Kimball_Project_008/IC12-5_S434_R1_001.fastq.gz
0434,/home/jkimball/data_delivery/umgc/2021-q4/211108_A00223_0697_BHNY3NDSX2/Kimball_Project_008/IC12-5_S434_R2_001.fastq.gz
0435,/home/jkimball/data_delivery/umgc/2021-q4/211108_A00223_0697_BHNY3NDSX2/Kimball_Project_008/IC12-15_S435_R1_001.fastq.gz
0435,/home/jkimball/data_delivery/umgc/2021-q4/211108_A00223_0697_BHNY3NDSX2/Kimball_Project_008/IC12-15_S435_R2_001.fastq.gz
0436,/home/jkimball/data_delivery/umgc/2021-q4/211108_A00223_0697_BHNY3NDSX2/Kimball_Project_008/IC12-21_S436_R1_001.fastq.gz
0436,/home/jkimball/data_delivery/umgc/2021-q4/211108_A00223_0697_BHNY3NDSX2/Kimball_Project_008/IC12-21_S436_R2_001.fastq.gz
0446,/home/jkimball/data_delivery/umgc/2021-q4/211108_A00223_0697_BHNY3NDSX2/Kimball_Project_008/IC12-6_S446_R1_001.fastq.gz
0446,/home/jkimball/data_delivery/umgc/2021-q4/211108_A00223_0697_BHNY3NDSX2/Kimball_Project_008/IC12-6_S446_R2_001.fastq.gz
0447,/home/jkimball/data_delivery/umgc/2021-q4/211108_A00223_0697_BHNY3NDSX2/Kimball_Project_008/IC12-16_S447_R1_001.fastq.gz
0447,/home/jkimball/data_delivery/umgc/2021-q4/211108_A00223_0697_BHNY3NDSX2/Kimball_Project_008/IC12-16_S447_R2_001.fastq.gz
0448,/home/jkimball/data_delivery/umgc/2021-q4/211108_A00223_0697_BHNY3NDSX2/Kimball_Project_008/IC12-23_S448_R1_001.fastq.gz
0448,/home/jkimball/data_delivery/umgc/2021-q4/211108_A00223_0697_BHNY3NDSX2/Kimball_Project_008/IC12-23_S448_R2_001.fastq.gz
0449,/home/jkimball/data_delivery/umgc/2021-q4/211108_A00223_0697_BHNY3NDSX2/Kimball_Project_008/IC12-24_S449_R1_001.fastq.gz
0449,/home/jkimball/data_delivery/umgc/2021-q4/211108_A00223_0697_BHNY3NDSX2/Kimball_Project_008/IC12-24_S449_R2_001.fastq.gz
0450,/home/jkimball/data_delivery/umgc/2021-q4/211108_A00223_0697_BHNY3NDSX2/Kimball_Project_008/IC12-38_S450_R1_001.fastq.gz
0450,/home/jkimball/data_delivery/umgc/2021-q4/211108_A00223_0697_BHNY3NDSX2/Kimball_Project_008/IC12-38_S450_R2_001.fastq.gz
0451,/home/jkimball/data_delivery/umgc/2021-q4/211108_A00223_0697_BHNY3NDSX2/Kimball_Project_008/IC12-50_S451_R1_001.fastq.gz
0451,/home/jkimball/data_delivery/umgc/2021-q4/211108_A00223_0697_BHNY3NDSX2/Kimball_Project_008/IC12-50_S451_R2_001.fastq.gz
0452,/home/jkimball/data_delivery/umgc/2021-q4/211108_A00223_0697_BHNY3NDSX2/Kimball_Project_008/IC12-62_S452_R1_001.fastq.gz
0452,/home/jkimball/data_delivery/umgc/2021-q4/211108_A00223_0697_BHNY3NDSX2/Kimball_Project_008/IC12-62_S452_R2_001.fastq.gz
0453,/home/jkimball/data_delivery/umgc/2021-q4/211108_A00223_0697_BHNY3NDSX2/Kimball_Project_008/IC12-72_S453_R1_001.fastq.gz
0453,/home/jkimball/data_delivery/umgc/2021-q4/211108_A00223_0697_BHNY3NDSX2/Kimball_Project_008/IC12-72_S453_R2_001.fastq.gz
0454,/home/jkimball/data_delivery/umgc/2021-q4/211108_A00223_0697_BHNY3NDSX2/Kimball_Project_008/IC12-82_S454_R1_001.fastq.gz
0454,/home/jkimball/data_delivery/umgc/2021-q4/211108_A00223_0697_BHNY3NDSX2/Kimball_Project_008/IC12-82_S454_R2_001.fastq.gz
0455,/home/jkimball/data_delivery/umgc/2021-q4/211108_A00223_0697_BHNY3NDSX2/Kimball_Project_008/IC12-92_S455_R1_001.fastq.gz
0455,/home/jkimball/data_delivery/umgc/2021-q4/211108_A00223_0697_BHNY3NDSX2/Kimball_Project_008/IC12-92_S455_R2_001.fastq.gz
0456,/home/jkimball/data_delivery/umgc/2021-q4/211108_A00223_0697_BHNY3NDSX2/Kimball_Project_008/IC12-102_S456_R1_001.fastq.gz
0456,/home/jkimball/data_delivery/umgc/2021-q4/211108_A00223_0697_BHNY3NDSX2/Kimball_Project_008/IC12-102_S456_R2_001.fastq.gz
0457,/home/jkimball/data_delivery/umgc/2021-q4/211108_A00223_0697_BHNY3NDSX2/Kimball_Project_008/IC12-113_S457_R1_001.fastq.gz
0457,/home/jkimball/data_delivery/umgc/2021-q4/211108_A00223_0697_BHNY3NDSX2/Kimball_Project_008/IC12-113_S457_R2_001.fastq.gz
0458,/home/jkimball/data_delivery/umgc/2021-q4/211108_A00223_0697_BHNY3NDSX2/Kimball_Project_008/IC12-122_S458_R1_001.fastq.gz
0458,/home/jkimball/data_delivery/umgc/2021-q4/211108_A00223_0697_BHNY3NDSX2/Kimball_Project_008/IC12-122_S458_R2_001.fastq.gz
0459,/home/jkimball/data_delivery/umgc/2021-q4/211108_A00223_0697_BHNY3NDSX2/Kimball_Project_008/IC12-131-1_S459_R1_001.fastq.gz
0459,/home/jkimball/data_delivery/umgc/2021-q4/211108_A00223_0697_BHNY3NDSX2/Kimball_Project_008/IC12-131-1_S459_R2_001.fastq.gz
0460,/home/jkimball/data_delivery/umgc/2021-q4/211108_A00223_0697_BHNY3NDSX2/Kimball_Project_008/IC12-25_S460_R1_001.fastq.gz
0460,/home/jkimball/data_delivery/umgc/2021-q4/211108_A00223_0697_BHNY3NDSX2/Kimball_Project_008/IC12-25_S460_R2_001.fastq.gz
0461,/home/jkimball/data_delivery/umgc/2021-q4/211108_A00223_0697_BHNY3NDSX2/Kimball_Project_008/IC12-39_S461_R1_001.fastq.gz
0461,/home/jkimball/data_delivery/umgc/2021-q4/211108_A00223_0697_BHNY3NDSX2/Kimball_Project_008/IC12-39_S461_R2_001.fastq.gz
0462,/home/jkimball/data_delivery/umgc/2021-q4/211108_A00223_0697_BHNY3NDSX2/Kimball_Project_008/IC12-52_S462_R1_001.fastq.gz
0462,/home/jkimball/data_delivery/umgc/2021-q4/211108_A00223_0697_BHNY3NDSX2/Kimball_Project_008/IC12-52_S462_R2_001.fastq.gz
0463,/home/jkimball/data_delivery/umgc/2021-q4/211108_A00223_0697_BHNY3NDSX2/Kimball_Project_008/IC12-63_S463_R1_001.fastq.gz
0463,/home/jkimball/data_delivery/umgc/2021-q4/211108_A00223_0697_BHNY3NDSX2/Kimball_Project_008/IC12-63_S463_R2_001.fastq.gz
0464,/home/jkimball/data_delivery/umgc/2021-q4/211108_A00223_0697_BHNY3NDSX2/Kimball_Project_008/IC12-74_S464_R1_001.fastq.gz
0464,/home/jkimball/data_delivery/umgc/2021-q4/211108_A00223_0697_BHNY3NDSX2/Kimball_Project_008/IC12-74_S464_R2_001.fastq.gz
0465,/home/jkimball/data_delivery/umgc/2021-q4/211108_A00223_0697_BHNY3NDSX2/Kimball_Project_008/IC12-83_S465_R1_001.fastq.gz
0465,/home/jkimball/data_delivery/umgc/2021-q4/211108_A00223_0697_BHNY3NDSX2/Kimball_Project_008/IC12-83_S465_R2_001.fastq.gz
0466,/home/jkimball/data_delivery/umgc/2021-q4/211108_A00223_0697_BHNY3NDSX2/Kimball_Project_008/IC12-93_S466_R1_001.fastq.gz
0466,/home/jkimball/data_delivery/umgc/2021-q4/211108_A00223_0697_BHNY3NDSX2/Kimball_Project_008/IC12-93_S466_R2_001.fastq.gz
0467,/home/jkimball/data_delivery/umgc/2021-q4/211108_A00223_0697_BHNY3NDSX2/Kimball_Project_008/IC12-103_S467_R1_001.fastq.gz
0467,/home/jkimball/data_delivery/umgc/2021-q4/211108_A00223_0697_BHNY3NDSX2/Kimball_Project_008/IC12-103_S467_R2_001.fastq.gz
0468,/home/jkimball/data_delivery/umgc/2021-q4/211108_A00223_0697_BHNY3NDSX2/Kimball_Project_008/IC12-114_S468_R1_001.fastq.gz
0468,/home/jkimball/data_delivery/umgc/2021-q4/211108_A00223_0697_BHNY3NDSX2/Kimball_Project_008/IC12-114_S468_R2_001.fastq.gz
0469,/home/jkimball/data_delivery/umgc/2021-q4/211108_A00223_0697_BHNY3NDSX2/Kimball_Project_008/IC12-123_S469_R1_001.fastq.gz
0469,/home/jkimball/data_delivery/umgc/2021-q4/211108_A00223_0697_BHNY3NDSX2/Kimball_Project_008/IC12-123_S469_R2_001.fastq.gz
0470,/home/jkimball/data_delivery/umgc/2021-q4/211108_A00223_0697_BHNY3NDSX2/Kimball_Project_008/IC12-132-1_S470_R1_001.fastq.gz
0470,/home/jkimball/data_delivery/umgc/2021-q4/211108_A00223_0697_BHNY3NDSX2/Kimball_Project_008/IC12-132-1_S470_R2_001.fastq.gz
0471,/home/jkimball/data_delivery/umgc/2021-q4/211108_A00223_0697_BHNY3NDSX2/Kimball_Project_008/IC12-27_S471_R1_001.fastq.gz
0471,/home/jkimball/data_delivery/umgc/2021-q4/211108_A00223_0697_BHNY3NDSX2/Kimball_Project_008/IC12-27_S471_R2_001.fastq.gz
0472,/home/jkimball/data_delivery/umgc/2021-q4/211108_A00223_0697_BHNY3NDSX2/Kimball_Project_008/IC12-42_S472_R1_001.fastq.gz
0472,/home/jkimball/data_delivery/umgc/2021-q4/211108_A00223_0697_BHNY3NDSX2/Kimball_Project_008/IC12-42_S472_R2_001.fastq.gz
0473,/home/jkimball/data_delivery/umgc/2021-q4/211108_A00223_0697_BHNY3NDSX2/Kimball_Project_008/IC12-53_S473_R1_001.fastq.gz
0473,/home/jkimball/data_delivery/umgc/2021-q4/211108_A00223_0697_BHNY3NDSX2/Kimball_Project_008/IC12-53_S473_R2_001.fastq.gz
0474,/home/jkimball/data_delivery/umgc/2021-q4/211108_A00223_0697_BHNY3NDSX2/Kimball_Project_008/IC12-64_S474_R1_001.fastq.gz
0474,/home/jkimball/data_delivery/umgc/2021-q4/211108_A00223_0697_BHNY3NDSX2/Kimball_Project_008/IC12-64_S474_R2_001.fastq.gz
0475,/home/jkimball/data_delivery/umgc/2021-q4/211108_A00223_0697_BHNY3NDSX2/Kimball_Project_008/IC12-75_S475_R1_001.fastq.gz
0475,/home/jkimball/data_delivery/umgc/2021-q4/211108_A00223_0697_BHNY3NDSX2/Kimball_Project_008/IC12-75_S475_R2_001.fastq.gz
0476,/home/jkimball/data_delivery/umgc/2021-q4/211108_A00223_0697_BHNY3NDSX2/Kimball_Project_008/IC12-84_S476_R1_001.fastq.gz
0476,/home/jkimball/data_delivery/umgc/2021-q4/211108_A00223_0697_BHNY3NDSX2/Kimball_Project_008/IC12-84_S476_R2_001.fastq.gz
0477,/home/jkimball/data_delivery/umgc/2021-q4/211108_A00223_0697_BHNY3NDSX2/Kimball_Project_008/IC12-94_S477_R1_001.fastq.gz
0477,/home/jkimball/data_delivery/umgc/2021-q4/211108_A00223_0697_BHNY3NDSX2/Kimball_Project_008/IC12-94_S477_R2_001.fastq.gz
0478,/home/jkimball/data_delivery/umgc/2021-q4/211108_A00223_0697_BHNY3NDSX2/Kimball_Project_008/IC12-104_S478_R1_001.fastq.gz
0478,/home/jkimball/data_delivery/umgc/2021-q4/211108_A00223_0697_BHNY3NDSX2/Kimball_Project_008/IC12-104_S478_R2_001.fastq.gz
0479,/home/jkimball/data_delivery/umgc/2021-q4/211108_A00223_0697_BHNY3NDSX2/Kimball_Project_008/IC12-115_S479_R1_001.fastq.gz
0479,/home/jkimball/data_delivery/umgc/2021-q4/211108_A00223_0697_BHNY3NDSX2/Kimball_Project_008/IC12-115_S479_R2_001.fastq.gz
0480,/home/jkimball/data_delivery/umgc/2021-q4/211108_A00223_0697_BHNY3NDSX2/Kimball_Project_008/IC12-124_S480_R1_001.fastq.gz
0480,/home/jkimball/data_delivery/umgc/2021-q4/211108_A00223_0697_BHNY3NDSX2/Kimball_Project_008/IC12-124_S480_R2_001.fastq.gz
0481,/home/jkimball/data_delivery/umgc/2021-q4/211108_A00223_0697_BHNY3NDSX2/Kimball_Project_008/IC12-133-1_S481_R1_001.fastq.gz
0481,/home/jkimball/data_delivery/umgc/2021-q4/211108_A00223_0697_BHNY3NDSX2/Kimball_Project_008/IC12-133-1_S481_R2_001.fastq.gz
0482,/home/jkimball/data_delivery/umgc/2021-q4/211108_A00223_0697_BHNY3NDSX2/Kimball_Project_008/IC12-139-1_S482_R1_001.fastq.gz
0482,/home/jkimball/data_delivery/umgc/2021-q4/211108_A00223_0697_BHNY3NDSX2/Kimball_Project_008/IC12-139-1_S482_R2_001.fastq.gz
0483,/home/jkimball/data_delivery/umgc/2021-q4/211108_A00223_0697_BHNY3NDSX2/Kimball_Project_008/IC12-29_S483_R1_001.fastq.gz
0483,/home/jkimball/data_delivery/umgc/2021-q4/211108_A00223_0697_BHNY3NDSX2/Kimball_Project_008/IC12-29_S483_R2_001.fastq.gz
0484,/home/jkimball/data_delivery/umgc/2021-q4/211108_A00223_0697_BHNY3NDSX2/Kimball_Project_008/IC12-44_S484_R1_001.fastq.gz
0484,/home/jkimball/data_delivery/umgc/2021-q4/211108_A00223_0697_BHNY3NDSX2/Kimball_Project_008/IC12-44_S484_R2_001.fastq.gz
0485,/home/jkimball/data_delivery/umgc/2021-q4/211108_A00223_0697_BHNY3NDSX2/Kimball_Project_008/IC12-54_S485_R1_001.fastq.gz
0485,/home/jkimball/data_delivery/umgc/2021-q4/211108_A00223_0697_BHNY3NDSX2/Kimball_Project_008/IC12-54_S485_R2_001.fastq.gz
0486,/home/jkimball/data_delivery/umgc/2021-q4/211108_A00223_0697_BHNY3NDSX2/Kimball_Project_008/IC12-67_S486_R1_001.fastq.gz
0486,/home/jkimball/data_delivery/umgc/2021-q4/211108_A00223_0697_BHNY3NDSX2/Kimball_Project_008/IC12-67_S486_R2_001.fastq.gz
0487,/home/jkimball/data_delivery/umgc/2021-q4/211108_A00223_0697_BHNY3NDSX2/Kimball_Project_008/IC12-77_S487_R1_001.fastq.gz
0487,/home/jkimball/data_delivery/umgc/2021-q4/211108_A00223_0697_BHNY3NDSX2/Kimball_Project_008/IC12-77_S487_R2_001.fastq.gz
0488,/home/jkimball/data_delivery/umgc/2021-q4/211108_A00223_0697_BHNY3NDSX2/Kimball_Project_008/IC12-85_S488_R1_001.fastq.gz
0488,/home/jkimball/data_delivery/umgc/2021-q4/211108_A00223_0697_BHNY3NDSX2/Kimball_Project_008/IC12-85_S488_R2_001.fastq.gz
0489,/home/jkimball/data_delivery/umgc/2021-q4/211108_A00223_0697_BHNY3NDSX2/Kimball_Project_008/IC12-95_S489_R1_001.fastq.gz
0489,/home/jkimball/data_delivery/umgc/2021-q4/211108_A00223_0697_BHNY3NDSX2/Kimball_Project_008/IC12-95_S489_R2_001.fastq.gz
0490,/home/jkimball/data_delivery/umgc/2021-q4/211108_A00223_0697_BHNY3NDSX2/Kimball_Project_008/IC12-105_S490_R1_001.fastq.gz
0490,/home/jkimball/data_delivery/umgc/2021-q4/211108_A00223_0697_BHNY3NDSX2/Kimball_Project_008/IC12-105_S490_R2_001.fastq.gz
0491,/home/jkimball/data_delivery/umgc/2021-q4/211108_A00223_0697_BHNY3NDSX2/Kimball_Project_008/IC12-116_S491_R1_001.fastq.gz
0491,/home/jkimball/data_delivery/umgc/2021-q4/211108_A00223_0697_BHNY3NDSX2/Kimball_Project_008/IC12-116_S491_R2_001.fastq.gz
0492,/home/jkimball/data_delivery/umgc/2021-q4/211108_A00223_0697_BHNY3NDSX2/Kimball_Project_008/IC12-126_S492_R1_001.fastq.gz
0492,/home/jkimball/data_delivery/umgc/2021-q4/211108_A00223_0697_BHNY3NDSX2/Kimball_Project_008/IC12-126_S492_R2_001.fastq.gz
0493,/home/jkimball/data_delivery/umgc/2021-q4/211108_A00223_0697_BHNY3NDSX2/Kimball_Project_008/IC12-134-1_S493_R1_001.fastq.gz
0493,/home/jkimball/data_delivery/umgc/2021-q4/211108_A00223_0697_BHNY3NDSX2/Kimball_Project_008/IC12-134-1_S493_R2_001.fastq.gz
0494,/home/jkimball/data_delivery/umgc/2021-q4/211108_A00223_0697_BHNY3NDSX2/Kimball_Project_008/IC12-141-1_S494_R1_001.fastq.gz
0494,/home/jkimball/data_delivery/umgc/2021-q4/211108_A00223_0697_BHNY3NDSX2/Kimball_Project_008/IC12-141-1_S494_R2_001.fastq.gz
0495,/home/jkimball/data_delivery/umgc/2021-q4/211108_A00223_0697_BHNY3NDSX2/Kimball_Project_008/IC12-30_S495_R1_001.fastq.gz
0495,/home/jkimball/data_delivery/umgc/2021-q4/211108_A00223_0697_BHNY3NDSX2/Kimball_Project_008/IC12-30_S495_R2_001.fastq.gz
0496,/home/jkimball/data_delivery/umgc/2021-q4/211108_A00223_0697_BHNY3NDSX2/Kimball_Project_008/IC12-45_S496_R1_001.fastq.gz
0496,/home/jkimball/data_delivery/umgc/2021-q4/211108_A00223_0697_BHNY3NDSX2/Kimball_Project_008/IC12-45_S496_R2_001.fastq.gz
0497,/home/jkimball/data_delivery/umgc/2021-q4/211108_A00223_0697_BHNY3NDSX2/Kimball_Project_008/IC12-56_S497_R1_001.fastq.gz
0497,/home/jkimball/data_delivery/umgc/2021-q4/211108_A00223_0697_BHNY3NDSX2/Kimball_Project_008/IC12-56_S497_R2_001.fastq.gz
0498,/home/jkimball/data_delivery/umgc/2021-q4/211108_A00223_0697_BHNY3NDSX2/Kimball_Project_008/IC12-68_S498_R1_001.fastq.gz
0498,/home/jkimball/data_delivery/umgc/2021-q4/211108_A00223_0697_BHNY3NDSX2/Kimball_Project_008/IC12-68_S498_R2_001.fastq.gz
0499,/home/jkimball/data_delivery/umgc/2021-q4/211108_A00223_0697_BHNY3NDSX2/Kimball_Project_008/IC12-78_S499_R1_001.fastq.gz
0499,/home/jkimball/data_delivery/umgc/2021-q4/211108_A00223_0697_BHNY3NDSX2/Kimball_Project_008/IC12-78_S499_R2_001.fastq.gz
0500,/home/jkimball/data_delivery/umgc/2021-q4/211108_A00223_0697_BHNY3NDSX2/Kimball_Project_008/IC12-88_S500_R1_001.fastq.gz
0500,/home/jkimball/data_delivery/umgc/2021-q4/211108_A00223_0697_BHNY3NDSX2/Kimball_Project_008/IC12-88_S500_R2_001.fastq.gz
0501,/home/jkimball/data_delivery/umgc/2021-q4/211108_A00223_0697_BHNY3NDSX2/Kimball_Project_008/IC12-96_S501_R1_001.fastq.gz
0501,/home/jkimball/data_delivery/umgc/2021-q4/211108_A00223_0697_BHNY3NDSX2/Kimball_Project_008/IC12-96_S501_R2_001.fastq.gz
0502,/home/jkimball/data_delivery/umgc/2021-q4/211108_A00223_0697_BHNY3NDSX2/Kimball_Project_008/IC12-106_S502_R1_001.fastq.gz
0502,/home/jkimball/data_delivery/umgc/2021-q4/211108_A00223_0697_BHNY3NDSX2/Kimball_Project_008/IC12-106_S502_R2_001.fastq.gz
0503,/home/jkimball/data_delivery/umgc/2021-q4/211108_A00223_0697_BHNY3NDSX2/Kimball_Project_008/IC12-117_S503_R1_001.fastq.gz
0503,/home/jkimball/data_delivery/umgc/2021-q4/211108_A00223_0697_BHNY3NDSX2/Kimball_Project_008/IC12-117_S503_R2_001.fastq.gz
0504,/home/jkimball/data_delivery/umgc/2021-q4/211108_A00223_0697_BHNY3NDSX2/Kimball_Project_008/IC12-127-1_S504_R1_001.fastq.gz
0504,/home/jkimball/data_delivery/umgc/2021-q4/211108_A00223_0697_BHNY3NDSX2/Kimball_Project_008/IC12-127-1_S504_R2_001.fastq.gz
0505,/home/jkimball/data_delivery/umgc/2021-q4/211108_A00223_0697_BHNY3NDSX2/Kimball_Project_008/IC12-135-1_S505_R1_001.fastq.gz
0505,/home/jkimball/data_delivery/umgc/2021-q4/211108_A00223_0697_BHNY3NDSX2/Kimball_Project_008/IC12-135-1_S505_R2_001.fastq.gz
0506,/home/jkimball/data_delivery/umgc/2021-q4/211108_A00223_0697_BHNY3NDSX2/Kimball_Project_008/IC12-142-1_S506_R1_001.fastq.gz
0506,/home/jkimball/data_delivery/umgc/2021-q4/211108_A00223_0697_BHNY3NDSX2/Kimball_Project_008/IC12-142-1_S506_R2_001.fastq.gz
0507,/home/jkimball/data_delivery/umgc/2021-q4/211108_A00223_0697_BHNY3NDSX2/Kimball_Project_008/IC12-31_S507_R1_001.fastq.gz
0507,/home/jkimball/data_delivery/umgc/2021-q4/211108_A00223_0697_BHNY3NDSX2/Kimball_Project_008/IC12-31_S507_R2_001.fastq.gz
0508,/home/jkimball/data_delivery/umgc/2021-q4/211108_A00223_0697_BHNY3NDSX2/Kimball_Project_008/IC12-46_S508_R1_001.fastq.gz
0508,/home/jkimball/data_delivery/umgc/2021-q4/211108_A00223_0697_BHNY3NDSX2/Kimball_Project_008/IC12-46_S508_R2_001.fastq.gz
0509,/home/jkimball/data_delivery/umgc/2021-q4/211108_A00223_0697_BHNY3NDSX2/Kimball_Project_008/IC12-56_F03_S509_R1_001.fastq.gz
0509,/home/jkimball/data_delivery/umgc/2021-q4/211108_A00223_0697_BHNY3NDSX2/Kimball_Project_008/IC12-56_F03_S509_R2_001.fastq.gz
0510,/home/jkimball/data_delivery/umgc/2021-q4/211108_A00223_0697_BHNY3NDSX2/Kimball_Project_008/IC12-69_S510_R1_001.fastq.gz
0510,/home/jkimball/data_delivery/umgc/2021-q4/211108_A00223_0697_BHNY3NDSX2/Kimball_Project_008/IC12-69_S510_R2_001.fastq.gz
0511,/home/jkimball/data_delivery/umgc/2021-q4/211108_A00223_0697_BHNY3NDSX2/Kimball_Project_008/IC12-79_S511_R1_001.fastq.gz
0511,/home/jkimball/data_delivery/umgc/2021-q4/211108_A00223_0697_BHNY3NDSX2/Kimball_Project_008/IC12-79_S511_R2_001.fastq.gz
0512,/home/jkimball/data_delivery/umgc/2021-q4/211108_A00223_0697_BHNY3NDSX2/Kimball_Project_008/IC12-89_S512_R1_001.fastq.gz
0512,/home/jkimball/data_delivery/umgc/2021-q4/211108_A00223_0697_BHNY3NDSX2/Kimball_Project_008/IC12-89_S512_R2_001.fastq.gz
0513,/home/jkimball/data_delivery/umgc/2021-q4/211108_A00223_0697_BHNY3NDSX2/Kimball_Project_008/IC12-98_S513_R1_001.fastq.gz
0513,/home/jkimball/data_delivery/umgc/2021-q4/211108_A00223_0697_BHNY3NDSX2/Kimball_Project_008/IC12-98_S513_R2_001.fastq.gz
0514,/home/jkimball/data_delivery/umgc/2021-q4/211108_A00223_0697_BHNY3NDSX2/Kimball_Project_008/IC12-107_S514_R1_001.fastq.gz
0514,/home/jkimball/data_delivery/umgc/2021-q4/211108_A00223_0697_BHNY3NDSX2/Kimball_Project_008/IC12-107_S514_R2_001.fastq.gz
0515,/home/jkimball/data_delivery/umgc/2021-q4/211108_A00223_0697_BHNY3NDSX2/Kimball_Project_008/IC12-118_S515_R1_001.fastq.gz
0515,/home/jkimball/data_delivery/umgc/2021-q4/211108_A00223_0697_BHNY3NDSX2/Kimball_Project_008/IC12-118_S515_R2_001.fastq.gz
0516,/home/jkimball/data_delivery/umgc/2021-q4/211108_A00223_0697_BHNY3NDSX2/Kimball_Project_008/IC12-128-1_S516_R1_001.fastq.gz
0516,/home/jkimball/data_delivery/umgc/2021-q4/211108_A00223_0697_BHNY3NDSX2/Kimball_Project_008/IC12-128-1_S516_R2_001.fastq.gz
0517,/home/jkimball/data_delivery/umgc/2021-q4/211108_A00223_0697_BHNY3NDSX2/Kimball_Project_008/IC12-136-1_S517_R1_001.fastq.gz
0517,/home/jkimball/data_delivery/umgc/2021-q4/211108_A00223_0697_BHNY3NDSX2/Kimball_Project_008/IC12-136-1_S517_R2_001.fastq.gz
0518,/home/jkimball/data_delivery/umgc/2021-q4/211108_A00223_0697_BHNY3NDSX2/Kimball_Project_008/IC12-143-1_S518_R1_001.fastq.gz
0518,/home/jkimball/data_delivery/umgc/2021-q4/211108_A00223_0697_BHNY3NDSX2/Kimball_Project_008/IC12-143-1_S518_R2_001.fastq.gz
0519,/home/jkimball/data_delivery/umgc/2021-q4/211108_A00223_0697_BHNY3NDSX2/Kimball_Project_008/IC12-33_S519_R1_001.fastq.gz
0519,/home/jkimball/data_delivery/umgc/2021-q4/211108_A00223_0697_BHNY3NDSX2/Kimball_Project_008/IC12-33_S519_R2_001.fastq.gz
0520,/home/jkimball/data_delivery/umgc/2021-q4/211108_A00223_0697_BHNY3NDSX2/Kimball_Project_008/IC12-47_S520_R1_001.fastq.gz
0520,/home/jkimball/data_delivery/umgc/2021-q4/211108_A00223_0697_BHNY3NDSX2/Kimball_Project_008/IC12-47_S520_R2_001.fastq.gz
0521,/home/jkimball/data_delivery/umgc/2021-q4/211108_A00223_0697_BHNY3NDSX2/Kimball_Project_008/IC12-58_S521_R1_001.fastq.gz
0521,/home/jkimball/data_delivery/umgc/2021-q4/211108_A00223_0697_BHNY3NDSX2/Kimball_Project_008/IC12-58_S521_R2_001.fastq.gz
0522,/home/jkimball/data_delivery/umgc/2021-q4/211108_A00223_0697_BHNY3NDSX2/Kimball_Project_008/IC12-70_S522_R1_001.fastq.gz
0522,/home/jkimball/data_delivery/umgc/2021-q4/211108_A00223_0697_BHNY3NDSX2/Kimball_Project_008/IC12-70_S522_R2_001.fastq.gz
0523,/home/jkimball/data_delivery/umgc/2021-q4/211108_A00223_0697_BHNY3NDSX2/Kimball_Project_008/IC12-80_S523_R1_001.fastq.gz
0523,/home/jkimball/data_delivery/umgc/2021-q4/211108_A00223_0697_BHNY3NDSX2/Kimball_Project_008/IC12-80_S523_R2_001.fastq.gz
0524,/home/jkimball/data_delivery/umgc/2021-q4/211108_A00223_0697_BHNY3NDSX2/Kimball_Project_008/IC12-90_S524_R1_001.fastq.gz
0524,/home/jkimball/data_delivery/umgc/2021-q4/211108_A00223_0697_BHNY3NDSX2/Kimball_Project_008/IC12-90_S524_R2_001.fastq.gz
0525,/home/jkimball/data_delivery/umgc/2021-q4/211108_A00223_0697_BHNY3NDSX2/Kimball_Project_008/IC12-100_S525_R1_001.fastq.gz
0525,/home/jkimball/data_delivery/umgc/2021-q4/211108_A00223_0697_BHNY3NDSX2/Kimball_Project_008/IC12-100_S525_R2_001.fastq.gz
0526,/home/jkimball/data_delivery/umgc/2021-q4/211108_A00223_0697_BHNY3NDSX2/Kimball_Project_008/IC12-111_S526_R1_001.fastq.gz
0526,/home/jkimball/data_delivery/umgc/2021-q4/211108_A00223_0697_BHNY3NDSX2/Kimball_Project_008/IC12-111_S526_R2_001.fastq.gz
0527,/home/jkimball/data_delivery/umgc/2021-q4/211108_A00223_0697_BHNY3NDSX2/Kimball_Project_008/IC12-120_S527_R1_001.fastq.gz
0527,/home/jkimball/data_delivery/umgc/2021-q4/211108_A00223_0697_BHNY3NDSX2/Kimball_Project_008/IC12-120_S527_R2_001.fastq.gz
0528,/home/jkimball/data_delivery/umgc/2021-q4/211108_A00223_0697_BHNY3NDSX2/Kimball_Project_008/IC12-129-1_S528_R1_001.fastq.gz
0528,/home/jkimball/data_delivery/umgc/2021-q4/211108_A00223_0697_BHNY3NDSX2/Kimball_Project_008/IC12-129-1_S528_R2_001.fastq.gz
0529,/home/jkimball/data_delivery/umgc/2021-q4/211108_A00223_0697_BHNY3NDSX2/Kimball_Project_008/IC12-137-1_S529_R1_001.fastq.gz
0529,/home/jkimball/data_delivery/umgc/2021-q4/211108_A00223_0697_BHNY3NDSX2/Kimball_Project_008/IC12-137-1_S529_R2_001.fastq.gz
0530,/home/jkimball/data_delivery/umgc/2021-q4/211108_A00223_0697_BHNY3NDSX2/Kimball_Project_008/IC12-144-1_S530_R1_001.fastq.gz
0530,/home/jkimball/data_delivery/umgc/2021-q4/211108_A00223_0697_BHNY3NDSX2/Kimball_Project_008/IC12-144-1_S530_R2_001.fastq.gz
0531,/home/jkimball/data_delivery/umgc/2021-q4/211108_A00223_0697_BHNY3NDSX2/Kimball_Project_008/IC12-36_S531_R1_001.fastq.gz
0531,/home/jkimball/data_delivery/umgc/2021-q4/211108_A00223_0697_BHNY3NDSX2/Kimball_Project_008/IC12-36_S531_R2_001.fastq.gz
0532,/home/jkimball/data_delivery/umgc/2021-q4/211108_A00223_0697_BHNY3NDSX2/Kimball_Project_008/IC12-49_S532_R1_001.fastq.gz
0532,/home/jkimball/data_delivery/umgc/2021-q4/211108_A00223_0697_BHNY3NDSX2/Kimball_Project_008/IC12-49_S532_R2_001.fastq.gz
0533,/home/jkimball/data_delivery/umgc/2021-q4/211108_A00223_0697_BHNY3NDSX2/Kimball_Project_008/IC12-61_S533_R1_001.fastq.gz
0533,/home/jkimball/data_delivery/umgc/2021-q4/211108_A00223_0697_BHNY3NDSX2/Kimball_Project_008/IC12-61_S533_R2_001.fastq.gz
0534,/home/jkimball/data_delivery/umgc/2021-q4/211108_A00223_0697_BHNY3NDSX2/Kimball_Project_008/IC12-71_S534_R1_001.fastq.gz
0534,/home/jkimball/data_delivery/umgc/2021-q4/211108_A00223_0697_BHNY3NDSX2/Kimball_Project_008/IC12-71_S534_R2_001.fastq.gz
0535,/home/jkimball/data_delivery/umgc/2021-q4/211108_A00223_0697_BHNY3NDSX2/Kimball_Project_008/IC12-81_S535_R1_001.fastq.gz
0535,/home/jkimball/data_delivery/umgc/2021-q4/211108_A00223_0697_BHNY3NDSX2/Kimball_Project_008/IC12-81_S535_R2_001.fastq.gz
0536,/home/jkimball/data_delivery/umgc/2021-q4/211108_A00223_0697_BHNY3NDSX2/Kimball_Project_008/IC12-91_S536_R1_001.fastq.gz
0536,/home/jkimball/data_delivery/umgc/2021-q4/211108_A00223_0697_BHNY3NDSX2/Kimball_Project_008/IC12-91_S536_R2_001.fastq.gz
0537,/home/jkimball/data_delivery/umgc/2021-q4/211108_A00223_0697_BHNY3NDSX2/Kimball_Project_008/IC12-101_S537_R1_001.fastq.gz
0537,/home/jkimball/data_delivery/umgc/2021-q4/211108_A00223_0697_BHNY3NDSX2/Kimball_Project_008/IC12-101_S537_R2_001.fastq.gz
0538,/home/jkimball/data_delivery/umgc/2021-q4/211108_A00223_0697_BHNY3NDSX2/Kimball_Project_008/IC12-112_S538_R1_001.fastq.gz
0538,/home/jkimball/data_delivery/umgc/2021-q4/211108_A00223_0697_BHNY3NDSX2/Kimball_Project_008/IC12-112_S538_R2_001.fastq.gz
0539,/home/jkimball/data_delivery/umgc/2021-q4/211108_A00223_0697_BHNY3NDSX2/Kimball_Project_008/IC12-121_S539_R1_001.fastq.gz
0539,/home/jkimball/data_delivery/umgc/2021-q4/211108_A00223_0697_BHNY3NDSX2/Kimball_Project_008/IC12-121_S539_R2_001.fastq.gz
0540,/home/jkimball/data_delivery/umgc/2021-q4/211108_A00223_0697_BHNY3NDSX2/Kimball_Project_008/IC12-130-1_S540_R1_001.fastq.gz
0540,/home/jkimball/data_delivery/umgc/2021-q4/211108_A00223_0697_BHNY3NDSX2/Kimball_Project_008/IC12-130-1_S540_R2_001.fastq.gz
0541,/home/jkimball/data_delivery/umgc/2021-q4/211108_A00223_0697_BHNY3NDSX2/Kimball_Project_008/IC12-138-1_S541_R1_001.fastq.gz
0541,/home/jkimball/data_delivery/umgc/2021-q4/211108_A00223_0697_BHNY3NDSX2/Kimball_Project_008/IC12-138-1_S541_R2_001.fastq.gz
0542,/home/jkimball/data_delivery/umgc/2021-q4/211108_A00223_0697_BHNY3NDSX2/Kimball_Project_008/IC12-145-1_S542_R1_001.fastq.gz
0542,/home/jkimball/data_delivery/umgc/2021-q4/211108_A00223_0697_BHNY3NDSX2/Kimball_Project_008/IC12-145-1_S542_R2_001.fastq.gz
0543,/home/jkimball/data_delivery/umgc/2021-q4/211108_A00223_0697_BHNY3NDSX2/Kimball_Project_008/IC12-146-1_S543_R1_001.fastq.gz
0543,/home/jkimball/data_delivery/umgc/2021-q4/211108_A00223_0697_BHNY3NDSX2/Kimball_Project_008/IC12-146-1_S543_R2_001.fastq.gz
0544,/home/jkimball/data_delivery/umgc/2021-q4/211108_A00223_0697_BHNY3NDSX2/Kimball_Project_008/IC12-156-1_S544_R1_001.fastq.gz
0544,/home/jkimball/data_delivery/umgc/2021-q4/211108_A00223_0697_BHNY3NDSX2/Kimball_Project_008/IC12-156-1_S544_R2_001.fastq.gz
0545,/home/jkimball/data_delivery/umgc/2021-q4/211108_A00223_0697_BHNY3NDSX2/Kimball_Project_008/IC12-165-1_S545_R1_001.fastq.gz
0545,/home/jkimball/data_delivery/umgc/2021-q4/211108_A00223_0697_BHNY3NDSX2/Kimball_Project_008/IC12-165-1_S545_R2_001.fastq.gz
0546,/home/jkimball/data_delivery/umgc/2021-q4/211108_A00223_0697_BHNY3NDSX2/Kimball_Project_008/IC12-174-1_S546_R1_001.fastq.gz
0546,/home/jkimball/data_delivery/umgc/2021-q4/211108_A00223_0697_BHNY3NDSX2/Kimball_Project_008/IC12-174-1_S546_R2_001.fastq.gz
0547,/home/jkimball/data_delivery/umgc/2021-q4/211108_A00223_0697_BHNY3NDSX2/Kimball_Project_008/IC12-182_S547_R1_001.fastq.gz
0547,/home/jkimball/data_delivery/umgc/2021-q4/211108_A00223_0697_BHNY3NDSX2/Kimball_Project_008/IC12-182_S547_R2_001.fastq.gz
0548,/home/jkimball/data_delivery/umgc/2021-q4/211108_A00223_0697_BHNY3NDSX2/Kimball_Project_008/IC12-190_S548_R1_001.fastq.gz
0548,/home/jkimball/data_delivery/umgc/2021-q4/211108_A00223_0697_BHNY3NDSX2/Kimball_Project_008/IC12-190_S548_R2_001.fastq.gz
0555,/home/jkimball/data_delivery/umgc/2021-q4/211108_A00223_0697_BHNY3NDSX2/Kimball_Project_008/IC12-147-1_S555_R1_001.fastq.gz
0555,/home/jkimball/data_delivery/umgc/2021-q4/211108_A00223_0697_BHNY3NDSX2/Kimball_Project_008/IC12-147-1_S555_R2_001.fastq.gz
0556,/home/jkimball/data_delivery/umgc/2021-q4/211108_A00223_0697_BHNY3NDSX2/Kimball_Project_008/IC12-158-1_S556_R1_001.fastq.gz
0556,/home/jkimball/data_delivery/umgc/2021-q4/211108_A00223_0697_BHNY3NDSX2/Kimball_Project_008/IC12-158-1_S556_R2_001.fastq.gz
0557,/home/jkimball/data_delivery/umgc/2021-q4/211108_A00223_0697_BHNY3NDSX2/Kimball_Project_008/IC12-166-1_S557_R1_001.fastq.gz
0557,/home/jkimball/data_delivery/umgc/2021-q4/211108_A00223_0697_BHNY3NDSX2/Kimball_Project_008/IC12-166-1_S557_R2_001.fastq.gz
0558,/home/jkimball/data_delivery/umgc/2021-q4/211108_A00223_0697_BHNY3NDSX2/Kimball_Project_008/IC12-175-1_S558_R1_001.fastq.gz
0558,/home/jkimball/data_delivery/umgc/2021-q4/211108_A00223_0697_BHNY3NDSX2/Kimball_Project_008/IC12-175-1_S558_R2_001.fastq.gz
0559,/home/jkimball/data_delivery/umgc/2021-q4/211108_A00223_0697_BHNY3NDSX2/Kimball_Project_008/IC12-183_S559_R1_001.fastq.gz
0559,/home/jkimball/data_delivery/umgc/2021-q4/211108_A00223_0697_BHNY3NDSX2/Kimball_Project_008/IC12-183_S559_R2_001.fastq.gz
0560,/home/jkimball/data_delivery/umgc/2021-q4/211108_A00223_0697_BHNY3NDSX2/Kimball_Project_008/IC12-191_S560_R1_001.fastq.gz
0560,/home/jkimball/data_delivery/umgc/2021-q4/211108_A00223_0697_BHNY3NDSX2/Kimball_Project_008/IC12-191_S560_R2_001.fastq.gz
0567,/home/jkimball/data_delivery/umgc/2021-q4/211108_A00223_0697_BHNY3NDSX2/Kimball_Project_008/IC12-148-1_S567_R1_001.fastq.gz
0567,/home/jkimball/data_delivery/umgc/2021-q4/211108_A00223_0697_BHNY3NDSX2/Kimball_Project_008/IC12-148-1_S567_R2_001.fastq.gz
0568,/home/jkimball/data_delivery/umgc/2021-q4/211108_A00223_0697_BHNY3NDSX2/Kimball_Project_008/IC12-159-1_S568_R1_001.fastq.gz
0568,/home/jkimball/data_delivery/umgc/2021-q4/211108_A00223_0697_BHNY3NDSX2/Kimball_Project_008/IC12-159-1_S568_R2_001.fastq.gz
0569,/home/jkimball/data_delivery/umgc/2021-q4/211108_A00223_0697_BHNY3NDSX2/Kimball_Project_008/IC12-167-1_S569_R1_001.fastq.gz
0569,/home/jkimball/data_delivery/umgc/2021-q4/211108_A00223_0697_BHNY3NDSX2/Kimball_Project_008/IC12-167-1_S569_R2_001.fastq.gz
0570,/home/jkimball/data_delivery/umgc/2021-q4/211108_A00223_0697_BHNY3NDSX2/Kimball_Project_008/IC12-176-1_S570_R1_001.fastq.gz
0570,/home/jkimball/data_delivery/umgc/2021-q4/211108_A00223_0697_BHNY3NDSX2/Kimball_Project_008/IC12-176-1_S570_R2_001.fastq.gz
0571,/home/jkimball/data_delivery/umgc/2021-q4/211108_A00223_0697_BHNY3NDSX2/Kimball_Project_008/IC12-184_S571_R1_001.fastq.gz
0571,/home/jkimball/data_delivery/umgc/2021-q4/211108_A00223_0697_BHNY3NDSX2/Kimball_Project_008/IC12-184_S571_R2_001.fastq.gz
0572,/home/jkimball/data_delivery/umgc/2021-q4/211108_A00223_0697_BHNY3NDSX2/Kimball_Project_008/IC12-192_S572_R1_001.fastq.gz
0572,/home/jkimball/data_delivery/umgc/2021-q4/211108_A00223_0697_BHNY3NDSX2/Kimball_Project_008/IC12-192_S572_R2_001.fastq.gz
0579,/home/jkimball/data_delivery/umgc/2021-q4/211108_A00223_0697_BHNY3NDSX2/Kimball_Project_008/IC12-149-1_S579_R1_001.fastq.gz
0579,/home/jkimball/data_delivery/umgc/2021-q4/211108_A00223_0697_BHNY3NDSX2/Kimball_Project_008/IC12-149-1_S579_R2_001.fastq.gz
0580,/home/jkimball/data_delivery/umgc/2021-q4/211108_A00223_0697_BHNY3NDSX2/Kimball_Project_008/IC12-160-1_S580_R1_001.fastq.gz
0580,/home/jkimball/data_delivery/umgc/2021-q4/211108_A00223_0697_BHNY3NDSX2/Kimball_Project_008/IC12-160-1_S580_R2_001.fastq.gz
0581,/home/jkimball/data_delivery/umgc/2021-q4/211108_A00223_0697_BHNY3NDSX2/Kimball_Project_008/IC12-168-1_S581_R1_001.fastq.gz
0581,/home/jkimball/data_delivery/umgc/2021-q4/211108_A00223_0697_BHNY3NDSX2/Kimball_Project_008/IC12-168-1_S581_R2_001.fastq.gz
0582,/home/jkimball/data_delivery/umgc/2021-q4/211108_A00223_0697_BHNY3NDSX2/Kimball_Project_008/IC12-177-1_S582_R1_001.fastq.gz
0582,/home/jkimball/data_delivery/umgc/2021-q4/211108_A00223_0697_BHNY3NDSX2/Kimball_Project_008/IC12-177-1_S582_R2_001.fastq.gz
0583,/home/jkimball/data_delivery/umgc/2021-q4/211108_A00223_0697_BHNY3NDSX2/Kimball_Project_008/IC12-185_S583_R1_001.fastq.gz
0583,/home/jkimball/data_delivery/umgc/2021-q4/211108_A00223_0697_BHNY3NDSX2/Kimball_Project_008/IC12-185_S583_R2_001.fastq.gz
0584,/home/jkimball/data_delivery/umgc/2021-q4/211108_A00223_0697_BHNY3NDSX2/Kimball_Project_008/IC12-193_S584_R1_001.fastq.gz
0584,/home/jkimball/data_delivery/umgc/2021-q4/211108_A00223_0697_BHNY3NDSX2/Kimball_Project_008/IC12-193_S584_R2_001.fastq.gz
0591,/home/jkimball/data_delivery/umgc/2021-q4/211108_A00223_0697_BHNY3NDSX2/Kimball_Project_008/IC12-150-1_S591_R1_001.fastq.gz
0591,/home/jkimball/data_delivery/umgc/2021-q4/211108_A00223_0697_BHNY3NDSX2/Kimball_Project_008/IC12-150-1_S591_R2_001.fastq.gz
0592,/home/jkimball/data_delivery/umgc/2021-q4/211108_A00223_0697_BHNY3NDSX2/Kimball_Project_008/IC12-161_S592_R1_001.fastq.gz
0592,/home/jkimball/data_delivery/umgc/2021-q4/211108_A00223_0697_BHNY3NDSX2/Kimball_Project_008/IC12-161_S592_R2_001.fastq.gz
0593,/home/jkimball/data_delivery/umgc/2021-q4/211108_A00223_0697_BHNY3NDSX2/Kimball_Project_008/IC12-170-1_S593_R1_001.fastq.gz
0593,/home/jkimball/data_delivery/umgc/2021-q4/211108_A00223_0697_BHNY3NDSX2/Kimball_Project_008/IC12-170-1_S593_R2_001.fastq.gz
0594,/home/jkimball/data_delivery/umgc/2021-q4/211108_A00223_0697_BHNY3NDSX2/Kimball_Project_008/IC12-178-1_S594_R1_001.fastq.gz
0594,/home/jkimball/data_delivery/umgc/2021-q4/211108_A00223_0697_BHNY3NDSX2/Kimball_Project_008/IC12-178-1_S594_R2_001.fastq.gz
0595,/home/jkimball/data_delivery/umgc/2021-q4/211108_A00223_0697_BHNY3NDSX2/Kimball_Project_008/IC12-186_S595_R1_001.fastq.gz
0595,/home/jkimball/data_delivery/umgc/2021-q4/211108_A00223_0697_BHNY3NDSX2/Kimball_Project_008/IC12-186_S595_R2_001.fastq.gz
0603,/home/jkimball/data_delivery/umgc/2021-q4/211108_A00223_0697_BHNY3NDSX2/Kimball_Project_008/IC12-151-1_S603_R1_001.fastq.gz
0603,/home/jkimball/data_delivery/umgc/2021-q4/211108_A00223_0697_BHNY3NDSX2/Kimball_Project_008/IC12-151-1_S603_R2_001.fastq.gz
0604,/home/jkimball/data_delivery/umgc/2021-q4/211108_A00223_0697_BHNY3NDSX2/Kimball_Project_008/IC12-162-1_S604_R1_001.fastq.gz
0604,/home/jkimball/data_delivery/umgc/2021-q4/211108_A00223_0697_BHNY3NDSX2/Kimball_Project_008/IC12-162-1_S604_R2_001.fastq.gz
0605,/home/jkimball/data_delivery/umgc/2021-q4/211108_A00223_0697_BHNY3NDSX2/Kimball_Project_008/IC12-171-1_S605_R1_001.fastq.gz
0605,/home/jkimball/data_delivery/umgc/2021-q4/211108_A00223_0697_BHNY3NDSX2/Kimball_Project_008/IC12-171-1_S605_R2_001.fastq.gz
0606,/home/jkimball/data_delivery/umgc/2021-q4/211108_A00223_0697_BHNY3NDSX2/Kimball_Project_008/IC12-179_S606_R1_001.fastq.gz
0606,/home/jkimball/data_delivery/umgc/2021-q4/211108_A00223_0697_BHNY3NDSX2/Kimball_Project_008/IC12-179_S606_R2_001.fastq.gz
0607,/home/jkimball/data_delivery/umgc/2021-q4/211108_A00223_0697_BHNY3NDSX2/Kimball_Project_008/IC12-187_S607_R1_001.fastq.gz
0607,/home/jkimball/data_delivery/umgc/2021-q4/211108_A00223_0697_BHNY3NDSX2/Kimball_Project_008/IC12-187_S607_R2_001.fastq.gz
0615,/home/jkimball/data_delivery/umgc/2021-q4/211108_A00223_0697_BHNY3NDSX2/Kimball_Project_008/IC12-152-1_S615_R1_001.fastq.gz
0615,/home/jkimball/data_delivery/umgc/2021-q4/211108_A00223_0697_BHNY3NDSX2/Kimball_Project_008/IC12-152-1_S615_R2_001.fastq.gz
0616,/home/jkimball/data_delivery/umgc/2021-q4/211108_A00223_0697_BHNY3NDSX2/Kimball_Project_008/IC12-163-1_S616_R1_001.fastq.gz
0616,/home/jkimball/data_delivery/umgc/2021-q4/211108_A00223_0697_BHNY3NDSX2/Kimball_Project_008/IC12-163-1_S616_R2_001.fastq.gz
0617,/home/jkimball/data_delivery/umgc/2021-q4/211108_A00223_0697_BHNY3NDSX2/Kimball_Project_008/IC12-172-1_S617_R1_001.fastq.gz
0617,/home/jkimball/data_delivery/umgc/2021-q4/211108_A00223_0697_BHNY3NDSX2/Kimball_Project_008/IC12-172-1_S617_R2_001.fastq.gz
0618,/home/jkimball/data_delivery/umgc/2021-q4/211108_A00223_0697_BHNY3NDSX2/Kimball_Project_008/IC12-180_S618_R1_001.fastq.gz
0618,/home/jkimball/data_delivery/umgc/2021-q4/211108_A00223_0697_BHNY3NDSX2/Kimball_Project_008/IC12-180_S618_R2_001.fastq.gz
0619,/home/jkimball/data_delivery/umgc/2021-q4/211108_A00223_0697_BHNY3NDSX2/Kimball_Project_008/IC12-188_S619_R1_001.fastq.gz
0619,/home/jkimball/data_delivery/umgc/2021-q4/211108_A00223_0697_BHNY3NDSX2/Kimball_Project_008/IC12-188_S619_R2_001.fastq.gz
0626,/home/jkimball/data_delivery/umgc/2021-q4/211108_A00223_0697_BHNY3NDSX2/Kimball_Project_008/IC12-154-1_S626_R1_001.fastq.gz
0626,/home/jkimball/data_delivery/umgc/2021-q4/211108_A00223_0697_BHNY3NDSX2/Kimball_Project_008/IC12-154-1_S626_R2_001.fastq.gz
0627,/home/jkimball/data_delivery/umgc/2021-q4/211108_A00223_0697_BHNY3NDSX2/Kimball_Project_008/IC12-164-1_S627_R1_001.fastq.gz
0627,/home/jkimball/data_delivery/umgc/2021-q4/211108_A00223_0697_BHNY3NDSX2/Kimball_Project_008/IC12-164-1_S627_R2_001.fastq.gz
0628,/home/jkimball/data_delivery/umgc/2021-q4/211108_A00223_0697_BHNY3NDSX2/Kimball_Project_008/IC12-173-1_S628_R1_001.fastq.gz
0628,/home/jkimball/data_delivery/umgc/2021-q4/211108_A00223_0697_BHNY3NDSX2/Kimball_Project_008/IC12-173-1_S628_R2_001.fastq.gz
0629,/home/jkimball/data_delivery/umgc/2021-q4/211108_A00223_0697_BHNY3NDSX2/Kimball_Project_008/IC12-181_S629_R1_001.fastq.gz
0629,/home/jkimball/data_delivery/umgc/2021-q4/211108_A00223_0697_BHNY3NDSX2/Kimball_Project_008/IC12-181_S629_R2_001.fastq.gz
0630,/home/jkimball/data_delivery/umgc/2021-q4/211108_A00223_0697_BHNY3NDSX2/Kimball_Project_008/IC12-189_S630_R1_001.fastq.gz
0630,/home/jkimball/data_delivery/umgc/2021-q4/211108_A00223_0697_BHNY3NDSX2/Kimball_Project_008/IC12-189_S630_R2_001.fastq.gz
0929,/home/jkimball/data_delivery/umgc/2021-q4/211108_A00223_0697_BHNY3NDSX2/Kimball_Project_008/RS127_S_S929_R1_001.fastq.gz
0929,/home/jkimball/data_delivery/umgc/2021-q4/211108_A00223_0697_BHNY3NDSX2/Kimball_Project_008/RS127_S_S929_R2_001.fastq.gz
0940,/home/jkimball/data_delivery/umgc/2021-q4/211108_A00223_0697_BHNY3NDSX2/Kimball_Project_008/RS41_S_S940_R1_001.fastq.gz
0940,/home/jkimball/data_delivery/umgc/2021-q4/211108_A00223_0697_BHNY3NDSX2/Kimball_Project_008/RS41_S_S940_R2_001.fastq.gz
0941,/home/jkimball/data_delivery/umgc/2021-q4/211108_A00223_0697_BHNY3NDSX2/Kimball_Project_008/RS52_S_S941_R1_001.fastq.gz
0941,/home/jkimball/data_delivery/umgc/2021-q4/211108_A00223_0697_BHNY3NDSX2/Kimball_Project_008/RS52_S_S941_R2_001.fastq.gz
0952,/home/jkimball/data_delivery/umgc/2021-q4/211108_A00223_0697_BHNY3NDSX2/Kimball_Project_008/RS32_S_S952_R1_001.fastq.gz
0952,/home/jkimball/data_delivery/umgc/2021-q4/211108_A00223_0697_BHNY3NDSX2/Kimball_Project_008/RS32_S_S952_R2_001.fastq.gz
0953,/home/jkimball/data_delivery/umgc/2021-q4/211108_A00223_0697_BHNY3NDSX2/Kimball_Project_008/RS114_R_S953_R1_001.fastq.gz
0953,/home/jkimball/data_delivery/umgc/2021-q4/211108_A00223_0697_BHNY3NDSX2/Kimball_Project_008/RS114_R_S953_R2_001.fastq.gz
0955,/home/jkimball/data_delivery/umgc/2021-q4/211108_A00223_0697_BHNY3NDSX2/Kimball_Project_008/IC12-Bulk_S955_R1_001.fastq.gz
0955,/home/jkimball/data_delivery/umgc/2021-q4/211108_A00223_0697_BHNY3NDSX2/Kimball_Project_008/IC12-Bulk_S955_R2_001.fastq.gz
0964,/home/jkimball/data_delivery/umgc/2021-q4/211108_A00223_0697_BHNY3NDSX2/Kimball_Project_008/RS34_S_S964_R1_001.fastq.gz
0964,/home/jkimball/data_delivery/umgc/2021-q4/211108_A00223_0697_BHNY3NDSX2/Kimball_Project_008/RS34_S_S964_R2_001.fastq.gz
0965,/home/jkimball/data_delivery/umgc/2021-q4/211108_A00223_0697_BHNY3NDSX2/Kimball_Project_008/RS73_R_S965_R1_001.fastq.gz
0965,/home/jkimball/data_delivery/umgc/2021-q4/211108_A00223_0697_BHNY3NDSX2/Kimball_Project_008/RS73_R_S965_R2_001.fastq.gz
0976,/home/jkimball/data_delivery/umgc/2021-q4/211108_A00223_0697_BHNY3NDSX2/Kimball_Project_008/RS66_S_S976_R1_001.fastq.gz
0976,/home/jkimball/data_delivery/umgc/2021-q4/211108_A00223_0697_BHNY3NDSX2/Kimball_Project_008/RS66_S_S976_R2_001.fastq.gz
0977,/home/jkimball/data_delivery/umgc/2021-q4/211108_A00223_0697_BHNY3NDSX2/Kimball_Project_008/RS110_R_S977_R1_001.fastq.gz
0977,/home/jkimball/data_delivery/umgc/2021-q4/211108_A00223_0697_BHNY3NDSX2/Kimball_Project_008/RS110_R_S977_R2_001.fastq.gz
0987,/home/jkimball/data_delivery/umgc/2021-q4/211108_A00223_0697_BHNY3NDSX2/Kimball_Project_008/RS17_S_S987_R1_001.fastq.gz
0987,/home/jkimball/data_delivery/umgc/2021-q4/211108_A00223_0697_BHNY3NDSX2/Kimball_Project_008/RS17_S_S987_R2_001.fastq.gz
0988,/home/jkimball/data_delivery/umgc/2021-q4/211108_A00223_0697_BHNY3NDSX2/Kimball_Project_008/RS132_S_S988_R1_001.fastq.gz
0988,/home/jkimball/data_delivery/umgc/2021-q4/211108_A00223_0697_BHNY3NDSX2/Kimball_Project_008/RS132_S_S988_R2_001.fastq.gz
0989,/home/jkimball/data_delivery/umgc/2021-q4/211108_A00223_0697_BHNY3NDSX2/Kimball_Project_008/RS82_R_S989_R1_001.fastq.gz
0989,/home/jkimball/data_delivery/umgc/2021-q4/211108_A00223_0697_BHNY3NDSX2/Kimball_Project_008/RS82_R_S989_R2_001.fastq.gz
0999,/home/jkimball/data_delivery/umgc/2021-q4/211108_A00223_0697_BHNY3NDSX2/Kimball_Project_008/RS138_S_S999_R1_001.fastq.gz
0999,/home/jkimball/data_delivery/umgc/2021-q4/211108_A00223_0697_BHNY3NDSX2/Kimball_Project_008/RS138_S_S999_R2_001.fastq.gz
1000,/home/jkimball/data_delivery/umgc/2021-q4/211108_A00223_0697_BHNY3NDSX2/Kimball_Project_008/RS78_S_S1000_R1_001.fastq.gz
1000,/home/jkimball/data_delivery/umgc/2021-q4/211108_A00223_0697_BHNY3NDSX2/Kimball_Project_008/RS78_S_S1000_R2_001.fastq.gz
1001,/home/jkimball/data_delivery/umgc/2021-q4/211108_A00223_0697_BHNY3NDSX2/Kimball_Project_008/RS91_R_S1001_R1_001.fastq.gz
1001,/home/jkimball/data_delivery/umgc/2021-q4/211108_A00223_0697_BHNY3NDSX2/Kimball_Project_008/RS91_R_S1001_R2_001.fastq.gz
1011,/home/jkimball/data_delivery/umgc/2021-q4/211108_A00223_0697_BHNY3NDSX2/Kimball_Project_008/RS3_S_S1011_R1_001.fastq.gz
1011,/home/jkimball/data_delivery/umgc/2021-q4/211108_A00223_0697_BHNY3NDSX2/Kimball_Project_008/RS3_S_S1011_R2_001.fastq.gz
1012,/home/jkimball/data_delivery/umgc/2021-q4/211108_A00223_0697_BHNY3NDSX2/Kimball_Project_008/RS104_S_S1012_R1_001.fastq.gz
1012,/home/jkimball/data_delivery/umgc/2021-q4/211108_A00223_0697_BHNY3NDSX2/Kimball_Project_008/RS104_S_S1012_R2_001.fastq.gz
1013,/home/jkimball/data_delivery/umgc/2021-q4/211108_A00223_0697_BHNY3NDSX2/Kimball_Project_008/RS70_R_S1013_R1_001.fastq.gz
1013,/home/jkimball/data_delivery/umgc/2021-q4/211108_A00223_0697_BHNY3NDSX2/Kimball_Project_008/RS70_R_S1013_R2_001.fastq.gz
1014,/home/jkimball/data_delivery/umgc/2021-q4/211108_A00223_0697_BHNY3NDSX2/Kimball_Project_008/RS5_R_S1014_R1_001.fastq.gz
1014,/home/jkimball/data_delivery/umgc/2021-q4/211108_A00223_0697_BHNY3NDSX2/Kimball_Project_008/RS5_R_S1014_R2_001.fastq.gz
1015,/home/jkimball/data_delivery/umgc/2021-q4/211108_A00223_0697_BHNY3NDSX2/Kimball_Project_008/All_S_12_S1015_R1_001.fastq.gz
1015,/home/jkimball/data_delivery/umgc/2021-q4/211108_A00223_0697_BHNY3NDSX2/Kimball_Project_008/All_S_12_S1015_R2_001.fastq.gz
1016,/home/jkimball/data_delivery/umgc/2021-q4/211108_A00223_0697_BHNY3NDSX2/Kimball_Project_008/NK_S_74_5_b_S1016_R1_001.fastq.gz
1016,/home/jkimball/data_delivery/umgc/2021-q4/211108_A00223_0697_BHNY3NDSX2/Kimball_Project_008/NK_S_74_5_b_S1016_R2_001.fastq.gz
1017,/home/jkimball/data_delivery/umgc/2021-q4/211108_A00223_0697_BHNY3NDSX2/Kimball_Project_008/RS65_R_S1017_R1_001.fastq.gz
1017,/home/jkimball/data_delivery/umgc/2021-q4/211108_A00223_0697_BHNY3NDSX2/Kimball_Project_008/RS65_R_S1017_R2_001.fastq.gz
1018,/home/jkimball/data_delivery/umgc/2021-q4/211108_A00223_0697_BHNY3NDSX2/Kimball_Project_008/RS55_R_S1018_R1_001.fastq.gz
1018,/home/jkimball/data_delivery/umgc/2021-q4/211108_A00223_0697_BHNY3NDSX2/Kimball_Project_008/RS55_R_S1018_R2_001.fastq.gz
1019,/home/jkimball/data_delivery/umgc/2021-q4/211108_A00223_0697_BHNY3NDSX2/Kimball_Project_008/5-most-R_S1019_R1_001.fastq.gz
1019,/home/jkimball/data_delivery/umgc/2021-q4/211108_A00223_0697_BHNY3NDSX2/Kimball_Project_008/5-most-R_S1019_R2_001.fastq.gz
1020,/home/jkimball/data_delivery/umgc/2021-q4/211108_A00223_0697_BHNY3NDSX2/Kimball_Project_008/RS79_R_S1020_R1_001.fastq.gz
1020,/home/jkimball/data_delivery/umgc/2021-q4/211108_A00223_0697_BHNY3NDSX2/Kimball_Project_008/RS79_R_S1020_R2_001.fastq.gz
1021,/home/jkimball/data_delivery/umgc/2021-q4/211108_A00223_0697_BHNY3NDSX2/Kimball_Project_008/RS142_R_S1021_R1_001.fastq.gz
1021,/home/jkimball/data_delivery/umgc/2021-q4/211108_A00223_0697_BHNY3NDSX2/Kimball_Project_008/RS142_R_S1021_R2_001.fastq.gz
1022,/home/jkimball/data_delivery/umgc/2021-q4/211108_A00223_0697_BHNY3NDSX2/Kimball_Project_008/All_R_12_S1022_R1_001.fastq.gz
1022,/home/jkimball/data_delivery/umgc/2021-q4/211108_A00223_0697_BHNY3NDSX2/Kimball_Project_008/All_R_12_S1022_R2_001.fastq.gz
1023,/home/jkimball/data_delivery/umgc/2021-q4/211108_A00223_0697_BHNY3NDSX2/Kimball_Project_008/RS116_R_S1023_R1_001.fastq.gz
1023,/home/jkimball/data_delivery/umgc/2021-q4/211108_A00223_0697_BHNY3NDSX2/Kimball_Project_008/RS116_R_S1023_R2_001.fastq.gz
1024,/home/jkimball/data_delivery/umgc/2021-q4/211108_A00223_0697_BHNY3NDSX2/Kimball_Project_008/RS36_R_S1024_R1_001.fastq.gz
1024,/home/jkimball/data_delivery/umgc/2021-q4/211108_A00223_0697_BHNY3NDSX2/Kimball_Project_008/RS36_R_S1024_R2_001.fastq.gz
1025,/home/jkimball/data_delivery/umgc/2021-q4/211108_A00223_0697_BHNY3NDSX2/Kimball_Project_008/All_R-20_S1025_R1_001.fastq.gz
1025,/home/jkimball/data_delivery/umgc/2021-q4/211108_A00223_0697_BHNY3NDSX2/Kimball_Project_008/All_R-20_S1025_R2_001.fastq.gz
1026,/home/jkimball/data_delivery/umgc/2021-q4/211108_A00223_0697_BHNY3NDSX2/Kimball_Project_008/RS27_R_S1026_R1_001.fastq.gz
1026,/home/jkimball/data_delivery/umgc/2021-q4/211108_A00223_0697_BHNY3NDSX2/Kimball_Project_008/RS27_R_S1026_R2_001.fastq.gz
1027,/home/jkimball/data_delivery/umgc/2021-q4/211108_A00223_0697_BHNY3NDSX2/Kimball_Project_008/RS11_R_S1027_R1_001.fastq.gz
1027,/home/jkimball/data_delivery/umgc/2021-q4/211108_A00223_0697_BHNY3NDSX2/Kimball_Project_008/RS11_R_S1027_R2_001.fastq.gz
1028,/home/jkimball/data_delivery/umgc/2021-q4/211108_A00223_0697_BHNY3NDSX2/Kimball_Project_008/RS_R_47_S1028_R1_001.fastq.gz
1028,/home/jkimball/data_delivery/umgc/2021-q4/211108_A00223_0697_BHNY3NDSX2/Kimball_Project_008/RS_R_47_S1028_R2_001.fastq.gz
1029,/home/jkimball/data_delivery/umgc/2021-q4/211108_A00223_0697_BHNY3NDSX2/Kimball_Project_008/RS23_R_S1029_R1_001.fastq.gz
1029,/home/jkimball/data_delivery/umgc/2021-q4/211108_A00223_0697_BHNY3NDSX2/Kimball_Project_008/RS23_R_S1029_R2_001.fastq.gz
1030,/home/jkimball/data_delivery/umgc/2021-q4/211108_A00223_0697_BHNY3NDSX2/Kimball_Project_008/RS30_R_S1030_R1_001.fastq.gz
1030,/home/jkimball/data_delivery/umgc/2021-q4/211108_A00223_0697_BHNY3NDSX2/Kimball_Project_008/RS30_R_S1030_R2_001.fastq.gz
1031,/home/jkimball/data_delivery/umgc/2021-q4/211108_A00223_0697_BHNY3NDSX2/Kimball_Project_008/RS_S_16_S1031_R1_001.fastq.gz
1031,/home/jkimball/data_delivery/umgc/2021-q4/211108_A00223_0697_BHNY3NDSX2/Kimball_Project_008/RS_S_16_S1031_R2_001.fastq.gz
1032,/home/jkimball/data_delivery/umgc/2021-q4/211108_A00223_0697_BHNY3NDSX2/Kimball_Project_008/RS62_R_S1032_R1_001.fastq.gz
1032,/home/jkimball/data_delivery/umgc/2021-q4/211108_A00223_0697_BHNY3NDSX2/Kimball_Project_008/RS62_R_S1032_R2_001.fastq.gz
1033,/home/jkimball/data_delivery/umgc/2021-q4/211108_A00223_0697_BHNY3NDSX2/Kimball_Project_008/RS9_R_S1033_R1_001.fastq.gz
1033,/home/jkimball/data_delivery/umgc/2021-q4/211108_A00223_0697_BHNY3NDSX2/Kimball_Project_008/RS9_R_S1033_R2_001.fastq.gz
1034,/home/jkimball/data_delivery/umgc/2021-q4/211108_A00223_0697_BHNY3NDSX2/Kimball_Project_008/NK_R_25_S1034_R1_001.fastq.gz
1034,/home/jkimball/data_delivery/umgc/2021-q4/211108_A00223_0697_BHNY3NDSX2/Kimball_Project_008/NK_R_25_S1034_R2_001.fastq.gz
1035,/home/jkimball/data_delivery/umgc/2021-q4/211108_A00223_0697_BHNY3NDSX2/Kimball_Project_008/RS59_R_S1035_R1_001.fastq.gz
1035,/home/jkimball/data_delivery/umgc/2021-q4/211108_A00223_0697_BHNY3NDSX2/Kimball_Project_008/RS59_R_S1035_R2_001.fastq.gz
1036,/home/jkimball/data_delivery/umgc/2021-q4/211108_A00223_0697_BHNY3NDSX2/Kimball_Project_008/5_most_S_S1036_R1_001.fastq.gz
1036,/home/jkimball/data_delivery/umgc/2021-q4/211108_A00223_0697_BHNY3NDSX2/Kimball_Project_008/5_most_S_S1036_R2_001.fastq.gz
1037,/home/jkimball/data_delivery/umgc/2021-q4/211108_A00223_0697_BHNY3NDSX2/Kimball_Project_008/NK_S_74_5_S1037_R1_001.fastq.gz
1037,/home/jkimball/data_delivery/umgc/2021-q4/211108_A00223_0697_BHNY3NDSX2/Kimball_Project_008/NK_S_74_5_S1037_R2_001.fastq.gz
